-- MySQL dump 10.13  Distrib 8.4.6, for Win64 (x86_64)
--
-- Host: localhost    Database: ureg_task_backend
-- ------------------------------------------------------
-- Server version	8.4.2

/*!40101 SET @OLD_CHARACTER_SET_CLIENT=@@CHARACTER_SET_CLIENT */;
/*!40101 SET @OLD_CHARACTER_SET_RESULTS=@@CHARACTER_SET_RESULTS */;
/*!40101 SET @OLD_COLLATION_CONNECTION=@@COLLATION_CONNECTION */;
/*!50503 SET NAMES utf8mb4 */;
/*!40103 SET @OLD_TIME_ZONE=@@TIME_ZONE */;
/*!40103 SET TIME_ZONE='+00:00' */;
/*!40014 SET @OLD_UNIQUE_CHECKS=@@UNIQUE_CHECKS, UNIQUE_CHECKS=0 */;
/*!40014 SET @OLD_FOREIGN_KEY_CHECKS=@@FOREIGN_KEY_CHECKS, FOREIGN_KEY_CHECKS=0 */;
/*!40101 SET @OLD_SQL_MODE=@@SQL_MODE, SQL_MODE='NO_AUTO_VALUE_ON_ZERO' */;
/*!40111 SET @OLD_SQL_NOTES=@@SQL_NOTES, SQL_NOTES=0 */;

--
-- Table structure for table `cache`
--

DROP TABLE IF EXISTS `cache`;
/*!40101 SET @saved_cs_client     = @@character_set_client */;
/*!50503 SET character_set_client = utf8mb4 */;
CREATE TABLE `cache` (
  `key` varchar(255) COLLATE utf8mb4_unicode_ci NOT NULL,
  `value` mediumtext COLLATE utf8mb4_unicode_ci NOT NULL,
  `expiration` int NOT NULL,
  PRIMARY KEY (`key`)
) ENGINE=InnoDB DEFAULT CHARSET=utf8mb4 COLLATE=utf8mb4_unicode_ci;
/*!40101 SET character_set_client = @saved_cs_client */;

--
-- Dumping data for table `cache`
--

LOCK TABLES `cache` WRITE;
/*!40000 ALTER TABLE `cache` DISABLE KEYS */;
/*!40000 ALTER TABLE `cache` ENABLE KEYS */;
UNLOCK TABLES;

--
-- Table structure for table `cache_locks`
--

DROP TABLE IF EXISTS `cache_locks`;
/*!40101 SET @saved_cs_client     = @@character_set_client */;
/*!50503 SET character_set_client = utf8mb4 */;
CREATE TABLE `cache_locks` (
  `key` varchar(255) COLLATE utf8mb4_unicode_ci NOT NULL,
  `owner` varchar(255) COLLATE utf8mb4_unicode_ci NOT NULL,
  `expiration` int NOT NULL,
  PRIMARY KEY (`key`)
) ENGINE=InnoDB DEFAULT CHARSET=utf8mb4 COLLATE=utf8mb4_unicode_ci;
/*!40101 SET character_set_client = @saved_cs_client */;

--
-- Dumping data for table `cache_locks`
--

LOCK TABLES `cache_locks` WRITE;
/*!40000 ALTER TABLE `cache_locks` DISABLE KEYS */;
/*!40000 ALTER TABLE `cache_locks` ENABLE KEYS */;
UNLOCK TABLES;

--
-- Table structure for table `currencies`
--

DROP TABLE IF EXISTS `currencies`;
/*!40101 SET @saved_cs_client     = @@character_set_client */;
/*!50503 SET character_set_client = utf8mb4 */;
CREATE TABLE `currencies` (
  `id` bigint unsigned NOT NULL AUTO_INCREMENT,
  `code` varchar(3) COLLATE utf8mb4_unicode_ci NOT NULL,
  `name` varchar(255) COLLATE utf8mb4_unicode_ci NOT NULL,
  `created_at` timestamp NULL DEFAULT NULL,
  `updated_at` timestamp NULL DEFAULT NULL,
  PRIMARY KEY (`id`),
  UNIQUE KEY `currencies_code_unique` (`code`)
) ENGINE=InnoDB AUTO_INCREMENT=36 DEFAULT CHARSET=utf8mb4 COLLATE=utf8mb4_unicode_ci;
/*!40101 SET character_set_client = @saved_cs_client */;

--
-- Dumping data for table `currencies`
--

LOCK TABLES `currencies` WRITE;
/*!40000 ALTER TABLE `currencies` DISABLE KEYS */;
INSERT INTO `currencies` VALUES (1,'USD','US Dollar',NULL,NULL),(2,'EUR','Euro',NULL,NULL),(3,'GBP','British Pound',NULL,NULL),(4,'JPY','Japanese Yen',NULL,NULL),(5,'AUD','Australian Dollar',NULL,NULL),(6,'MYR','Malaysian Ringgit',NULL,NULL),(7,'CAD','Canadian Dollar',NULL,NULL),(8,'CHF','Swiss Franc',NULL,NULL),(9,'CNY','Chinese Yuan',NULL,NULL),(10,'SEK','Swedish Krona',NULL,NULL),(11,'NZD','New Zealand Dollar',NULL,NULL),(12,'SGD','Singapore Dollar',NULL,NULL),(13,'NOK','Norwegian Krone',NULL,NULL),(14,'MXN','Mexican Peso',NULL,NULL),(15,'INR','Indian Rupee',NULL,NULL),(16,'RUB','Russian Ruble',NULL,NULL),(17,'ZAR','South African Rand',NULL,NULL),(18,'TRY','Turkish Lira',NULL,NULL),(19,'KRW','South Korean Won',NULL,NULL),(20,'BRL','Brazilian Real',NULL,NULL),(21,'IDR','Indonesian Rupiah',NULL,NULL),(22,'AED','United Arab Emirates Dirham',NULL,NULL),(23,'ARS','Argentine Peso',NULL,NULL),(24,'BDT','Bangladeshi Taka',NULL,NULL),(25,'CLP','Chilean Peso',NULL,NULL),(26,'COP','Colombian Peso',NULL,NULL),(27,'CZK','Czech Koruna',NULL,NULL),(28,'DKK','Danish Krone',NULL,NULL),(29,'EGP','Egyptian Pound',NULL,NULL),(30,'HKD','Hong Kong Dollar',NULL,NULL),(31,'HUF','Hungarian Forint',NULL,NULL),(32,'ILS','Israeli New Shekel',NULL,NULL),(33,'PKR','Pakistani Rupee',NULL,NULL),(34,'PLN','Polish Zloty',NULL,NULL),(35,'SAR','Saudi Riyal',NULL,NULL);
/*!40000 ALTER TABLE `currencies` ENABLE KEYS */;
UNLOCK TABLES;

--
-- Table structure for table `exchange_rates`
--

DROP TABLE IF EXISTS `exchange_rates`;
/*!40101 SET @saved_cs_client     = @@character_set_client */;
/*!50503 SET character_set_client = utf8mb4 */;
CREATE TABLE `exchange_rates` (
  `id` bigint unsigned NOT NULL AUTO_INCREMENT,
  `currency_id` bigint unsigned NOT NULL,
  `effective_date` date NOT NULL,
  `rate` decimal(15,4) NOT NULL,
  `created_at` timestamp NULL DEFAULT NULL,
  `updated_at` timestamp NULL DEFAULT NULL,
  PRIMARY KEY (`id`),
  UNIQUE KEY `exchange_rates_currency_id_effective_date_unique` (`currency_id`,`effective_date`),
  CONSTRAINT `exchange_rates_currency_id_foreign` FOREIGN KEY (`currency_id`) REFERENCES `currencies` (`id`) ON DELETE CASCADE
) ENGINE=InnoDB AUTO_INCREMENT=475 DEFAULT CHARSET=utf8mb4 COLLATE=utf8mb4_unicode_ci;
/*!40101 SET character_set_client = @saved_cs_client */;

--
-- Dumping data for table `exchange_rates`
--

LOCK TABLES `exchange_rates` WRITE;
/*!40000 ALTER TABLE `exchange_rates` DISABLE KEYS */;
INSERT INTO `exchange_rates` VALUES (17,1,'2025-08-22',1.0000,NULL,NULL),(18,2,'2025-08-22',0.8500,NULL,NULL),(19,3,'2025-08-22',0.7300,NULL,NULL),(20,4,'2025-08-22',110.2500,NULL,NULL),(21,5,'2025-08-22',1.3500,NULL,NULL),(22,1,'2023-07-01',1.0000,NULL,NULL),(23,2,'2023-07-01',0.8100,NULL,NULL),(24,3,'2023-07-01',0.6800,NULL,NULL),(25,4,'2023-07-01',109.3100,NULL,NULL),(26,5,'2023-07-01',1.2500,NULL,NULL),(27,1,'2025-09-01',1.0000,NULL,NULL),(28,2,'2025-09-01',0.9205,NULL,NULL),(29,3,'2025-09-01',0.7852,NULL,NULL),(30,4,'2025-09-01',146.3200,NULL,NULL),(31,5,'2025-09-01',1.5250,NULL,NULL),(32,6,'2025-09-01',4.6900,NULL,NULL),(33,7,'2025-09-01',1.3550,NULL,NULL),(34,8,'2025-09-01',0.8900,NULL,NULL),(35,9,'2025-09-01',7.3200,NULL,NULL),(36,10,'2025-09-01',10.8900,NULL,NULL),(37,11,'2025-09-01',1.6700,NULL,NULL),(38,12,'2025-09-01',1.3550,NULL,NULL),(39,13,'2025-09-01',10.6900,NULL,NULL),(40,14,'2025-09-01',16.9500,NULL,NULL),(41,15,'2025-09-01',83.2500,NULL,NULL),(42,16,'2025-09-01',93.2000,NULL,NULL),(43,17,'2025-09-01',18.3500,NULL,NULL),(44,18,'2025-09-01',32.2500,NULL,NULL),(45,19,'2025-09-01',1342.0000,NULL,NULL),(46,20,'2025-09-01',5.0500,NULL,NULL),(47,21,'2025-09-01',15300.0000,NULL,NULL),(48,1,'2025-08-30',1.0000,NULL,NULL),(49,2,'2025-08-30',0.9241,NULL,NULL),(50,3,'2025-08-30',0.7880,NULL,NULL),(51,4,'2025-08-30',147.1000,NULL,NULL),(52,5,'2025-08-30',1.5190,NULL,NULL),(53,6,'2025-08-30',4.7050,NULL,NULL),(54,7,'2025-08-30',1.3580,NULL,NULL),(55,8,'2025-08-30',0.8925,NULL,NULL),(56,9,'2025-08-30',7.3350,NULL,NULL),(57,10,'2025-08-30',10.9100,NULL,NULL),(58,11,'2025-08-30',1.6730,NULL,NULL),(59,12,'2025-08-30',1.3570,NULL,NULL),(60,13,'2025-08-30',10.7000,NULL,NULL),(61,14,'2025-08-30',16.9700,NULL,NULL),(62,15,'2025-08-30',83.3200,NULL,NULL),(63,16,'2025-08-30',93.3500,NULL,NULL),(64,17,'2025-08-30',18.3700,NULL,NULL),(65,18,'2025-08-30',32.2700,NULL,NULL),(66,19,'2025-08-30',1345.0000,NULL,NULL),(67,20,'2025-08-30',5.0600,NULL,NULL),(68,21,'2025-08-30',15320.0000,NULL,NULL),(69,1,'2025-08-28',1.0000,NULL,NULL),(70,2,'2025-08-28',0.9273,NULL,NULL),(71,3,'2025-08-28',0.7905,NULL,NULL),(72,4,'2025-08-28',146.8500,NULL,NULL),(73,5,'2025-08-28',1.5130,NULL,NULL),(74,6,'2025-08-28',4.6980,NULL,NULL),(75,7,'2025-08-28',1.3600,NULL,NULL),(76,8,'2025-08-28',0.8950,NULL,NULL),(77,9,'2025-08-28',7.3280,NULL,NULL),(78,10,'2025-08-28',10.9300,NULL,NULL),(79,11,'2025-08-28',1.6750,NULL,NULL),(80,12,'2025-08-28',1.3590,NULL,NULL),(81,13,'2025-08-28',10.7100,NULL,NULL),(82,14,'2025-08-28',16.9900,NULL,NULL),(83,15,'2025-08-28',83.3900,NULL,NULL),(84,16,'2025-08-28',93.4100,NULL,NULL),(85,17,'2025-08-28',18.3900,NULL,NULL),(86,18,'2025-08-28',32.2900,NULL,NULL),(87,19,'2025-08-28',1348.0000,NULL,NULL),(88,20,'2025-08-28',5.0700,NULL,NULL),(89,21,'2025-08-28',15340.0000,NULL,NULL),(90,1,'2025-08-13',1.0000,NULL,NULL),(91,2,'2025-08-13',0.9302,NULL,NULL),(92,3,'2025-08-13',0.7931,NULL,NULL),(93,4,'2025-08-13',146.6000,NULL,NULL),(94,5,'2025-08-13',1.5070,NULL,NULL),(95,6,'2025-08-13',4.6920,NULL,NULL),(96,7,'2025-08-13',1.3620,NULL,NULL),(97,8,'2025-08-13',0.8975,NULL,NULL),(98,9,'2025-08-13',7.3220,NULL,NULL),(99,10,'2025-08-13',10.9500,NULL,NULL),(100,11,'2025-08-13',1.6770,NULL,NULL),(101,12,'2025-08-13',1.3610,NULL,NULL),(102,13,'2025-08-13',10.7200,NULL,NULL),(103,14,'2025-08-13',17.0100,NULL,NULL),(104,15,'2025-08-13',83.4600,NULL,NULL),(105,16,'2025-08-13',93.4700,NULL,NULL),(106,17,'2025-08-13',18.4100,NULL,NULL),(107,18,'2025-08-13',32.3100,NULL,NULL),(108,19,'2025-08-13',1351.0000,NULL,NULL),(109,20,'2025-08-13',5.0800,NULL,NULL),(110,21,'2025-08-13',15360.0000,NULL,NULL),(111,1,'2025-08-24',1.0000,NULL,NULL),(112,2,'2025-08-24',0.9290,NULL,NULL),(113,3,'2025-08-24',0.7920,NULL,NULL),(114,4,'2025-08-24',146.7000,NULL,NULL),(115,5,'2025-08-24',1.5100,NULL,NULL),(116,6,'2025-08-24',4.6950,NULL,NULL),(117,7,'2025-08-24',1.3610,NULL,NULL),(118,8,'2025-08-24',0.8960,NULL,NULL),(119,9,'2025-08-24',7.3250,NULL,NULL),(120,10,'2025-08-24',10.9400,NULL,NULL),(121,11,'2025-08-24',1.6760,NULL,NULL),(122,12,'2025-08-24',1.3600,NULL,NULL),(123,13,'2025-08-24',10.7150,NULL,NULL),(124,14,'2025-08-24',17.0000,NULL,NULL),(125,15,'2025-08-24',83.4200,NULL,NULL),(126,16,'2025-08-24',93.4400,NULL,NULL),(127,17,'2025-08-24',18.4000,NULL,NULL),(128,18,'2025-08-24',32.3000,NULL,NULL),(129,19,'2025-08-24',1349.0000,NULL,NULL),(130,20,'2025-08-24',5.0750,NULL,NULL),(131,21,'2025-08-24',15350.0000,NULL,NULL),(132,1,'2025-08-25',1.0000,NULL,NULL),(133,2,'2025-08-25',0.9285,NULL,NULL),(134,3,'2025-08-25',0.7915,NULL,NULL),(135,4,'2025-08-25',146.7500,NULL,NULL),(136,5,'2025-08-25',1.5110,NULL,NULL),(137,6,'2025-08-25',4.6960,NULL,NULL),(138,7,'2025-08-25',1.3615,NULL,NULL),(139,8,'2025-08-25',0.8965,NULL,NULL),(140,9,'2025-08-25',7.3260,NULL,NULL),(141,10,'2025-08-25',10.9420,NULL,NULL),(142,11,'2025-08-25',1.6765,NULL,NULL),(143,12,'2025-08-25',1.3605,NULL,NULL),(144,13,'2025-08-25',10.7160,NULL,NULL),(145,14,'2025-08-25',17.0050,NULL,NULL),(146,15,'2025-08-25',83.4300,NULL,NULL),(147,16,'2025-08-25',93.4450,NULL,NULL),(148,17,'2025-08-25',18.4050,NULL,NULL),(149,18,'2025-08-25',32.3050,NULL,NULL),(150,19,'2025-08-25',1350.0000,NULL,NULL),(151,20,'2025-08-25',5.0760,NULL,NULL),(152,21,'2025-08-25',15352.0000,NULL,NULL),(153,1,'2025-08-26',1.0000,NULL,NULL),(154,2,'2025-08-26',0.9280,NULL,NULL),(155,3,'2025-08-26',0.7910,NULL,NULL),(156,4,'2025-08-26',146.8000,NULL,NULL),(157,5,'2025-08-26',1.5120,NULL,NULL),(158,6,'2025-08-26',4.6970,NULL,NULL),(159,7,'2025-08-26',1.3620,NULL,NULL),(160,8,'2025-08-26',0.8970,NULL,NULL),(161,9,'2025-08-26',7.3270,NULL,NULL),(162,10,'2025-08-26',10.9440,NULL,NULL),(163,11,'2025-08-26',1.6770,NULL,NULL),(164,12,'2025-08-26',1.3610,NULL,NULL),(165,13,'2025-08-26',10.7170,NULL,NULL),(166,14,'2025-08-26',17.0100,NULL,NULL),(167,15,'2025-08-26',83.4400,NULL,NULL),(168,16,'2025-08-26',93.4500,NULL,NULL),(169,17,'2025-08-26',18.4100,NULL,NULL),(170,18,'2025-08-26',32.3100,NULL,NULL),(171,19,'2025-08-26',1351.0000,NULL,NULL),(172,20,'2025-08-26',5.0770,NULL,NULL),(173,21,'2025-08-26',15354.0000,NULL,NULL),(174,1,'2025-09-03',1.0000,NULL,NULL),(175,2,'2025-09-03',0.9220,NULL,NULL),(176,3,'2025-09-03',0.7840,NULL,NULL),(177,4,'2025-09-03',146.4000,NULL,NULL),(178,5,'2025-09-03',1.5230,NULL,NULL),(179,6,'2025-09-03',4.6880,NULL,NULL),(180,7,'2025-09-03',1.3540,NULL,NULL),(181,8,'2025-09-03',0.8890,NULL,NULL),(182,9,'2025-09-03',7.3180,NULL,NULL),(183,10,'2025-09-03',10.8880,NULL,NULL),(184,11,'2025-09-03',1.6690,NULL,NULL),(185,12,'2025-09-03',1.3540,NULL,NULL),(186,13,'2025-09-03',10.6880,NULL,NULL),(187,14,'2025-09-03',16.9480,NULL,NULL),(188,15,'2025-09-03',83.2100,NULL,NULL),(189,16,'2025-09-03',93.1800,NULL,NULL),(190,17,'2025-09-03',18.3480,NULL,NULL),(191,18,'2025-09-03',32.2480,NULL,NULL),(192,19,'2025-09-03',1342.0000,NULL,NULL),(193,20,'2025-09-03',5.0480,NULL,NULL),(194,21,'2025-09-03',15300.0000,NULL,NULL),(195,1,'2025-09-10',1.0000,NULL,NULL),(196,2,'2025-09-10',0.9210,NULL,NULL),(197,3,'2025-09-10',0.7830,NULL,NULL),(198,4,'2025-09-10',146.3500,NULL,NULL),(199,5,'2025-09-10',1.5240,NULL,NULL),(200,6,'2025-09-10',4.6870,NULL,NULL),(201,7,'2025-09-10',1.3530,NULL,NULL),(202,8,'2025-09-10',0.8880,NULL,NULL),(203,9,'2025-09-10',7.3170,NULL,NULL),(204,10,'2025-09-10',10.8870,NULL,NULL),(205,11,'2025-09-10',1.6680,NULL,NULL),(206,12,'2025-09-10',1.3530,NULL,NULL),(207,13,'2025-09-10',10.6870,NULL,NULL),(208,14,'2025-09-10',16.9470,NULL,NULL),(209,15,'2025-09-10',83.2000,NULL,NULL),(210,16,'2025-09-10',93.1700,NULL,NULL),(211,17,'2025-09-10',18.3470,NULL,NULL),(212,18,'2025-09-10',32.2470,NULL,NULL),(213,19,'2025-09-10',1341.0000,NULL,NULL),(214,20,'2025-09-10',5.0470,NULL,NULL),(215,21,'2025-09-10',15298.0000,NULL,NULL),(216,1,'2025-09-13',1.0000,NULL,NULL),(217,2,'2025-09-13',0.9200,NULL,NULL),(218,3,'2025-09-13',0.7820,NULL,NULL),(219,4,'2025-09-13',146.3000,NULL,NULL),(220,5,'2025-09-13',1.5250,NULL,NULL),(221,6,'2025-09-13',4.6860,NULL,NULL),(222,7,'2025-09-13',1.3520,NULL,NULL),(223,8,'2025-09-13',0.8870,NULL,NULL),(224,9,'2025-09-13',7.3160,NULL,NULL),(225,10,'2025-09-13',10.8860,NULL,NULL),(226,11,'2025-09-13',1.6670,NULL,NULL),(227,12,'2025-09-13',1.3520,NULL,NULL),(228,13,'2025-09-13',10.6860,NULL,NULL),(229,14,'2025-09-13',16.9460,NULL,NULL),(230,15,'2025-09-13',83.1900,NULL,NULL),(231,16,'2025-09-13',93.1600,NULL,NULL),(232,17,'2025-09-13',18.3460,NULL,NULL),(233,18,'2025-09-13',32.2460,NULL,NULL),(234,19,'2025-09-13',1340.0000,NULL,NULL),(235,20,'2025-09-13',5.0460,NULL,NULL),(236,21,'2025-09-13',15296.0000,NULL,NULL),(237,1,'2025-09-14',1.0000,NULL,NULL),(238,2,'2025-09-14',0.9195,NULL,NULL),(239,3,'2025-09-14',0.7815,NULL,NULL),(240,4,'2025-09-14',146.2500,NULL,NULL),(241,5,'2025-09-14',1.5260,NULL,NULL),(242,6,'2025-09-14',4.6850,NULL,NULL),(243,7,'2025-09-14',1.3515,NULL,NULL),(244,8,'2025-09-14',0.8865,NULL,NULL),(245,9,'2025-09-14',7.3150,NULL,NULL),(246,10,'2025-09-14',10.8850,NULL,NULL),(247,11,'2025-09-14',1.6665,NULL,NULL),(248,12,'2025-09-14',1.3515,NULL,NULL),(249,13,'2025-09-14',10.6850,NULL,NULL),(250,14,'2025-09-14',16.9450,NULL,NULL),(251,15,'2025-09-14',83.1800,NULL,NULL),(252,16,'2025-09-14',93.1500,NULL,NULL),(253,17,'2025-09-14',18.3450,NULL,NULL),(254,18,'2025-09-14',32.2450,NULL,NULL),(255,19,'2025-09-14',1339.0000,NULL,NULL),(256,20,'2025-09-14',5.0450,NULL,NULL),(257,21,'2025-09-14',15294.0000,NULL,NULL),(258,1,'2025-09-20',1.0000,NULL,NULL),(259,2,'2025-09-20',0.9180,NULL,NULL),(260,3,'2025-09-20',0.7800,NULL,NULL),(261,4,'2025-09-20',146.1000,NULL,NULL),(262,5,'2025-09-20',1.5280,NULL,NULL),(263,6,'2025-09-20',4.6830,NULL,NULL),(264,7,'2025-09-20',1.3500,NULL,NULL),(265,8,'2025-09-20',0.8850,NULL,NULL),(266,9,'2025-09-20',7.3130,NULL,NULL),(267,10,'2025-09-20',10.8830,NULL,NULL),(268,11,'2025-09-20',1.6650,NULL,NULL),(269,12,'2025-09-20',1.3500,NULL,NULL),(270,13,'2025-09-20',10.6830,NULL,NULL),(271,14,'2025-09-20',16.9430,NULL,NULL),(272,15,'2025-09-20',83.1600,NULL,NULL),(273,16,'2025-09-20',93.1300,NULL,NULL),(274,17,'2025-09-20',18.3430,NULL,NULL),(275,18,'2025-09-20',32.2430,NULL,NULL),(276,19,'2025-09-20',1337.0000,NULL,NULL),(277,20,'2025-09-20',5.0430,NULL,NULL),(278,21,'2025-09-20',15290.0000,NULL,NULL),(279,22,'2023-07-01',3.6700,NULL,NULL),(280,22,'2025-08-13',3.6800,NULL,NULL),(281,22,'2025-08-22',3.6600,NULL,NULL),(282,22,'2025-08-24',3.6700,NULL,NULL),(283,22,'2025-08-25',3.6800,NULL,NULL),(284,22,'2025-08-26',3.6700,NULL,NULL),(285,22,'2025-08-28',3.6600,NULL,NULL),(286,22,'2025-08-30',3.6800,NULL,NULL),(287,22,'2025-09-01',3.6700,NULL,NULL),(288,22,'2025-09-03',3.6700,NULL,NULL),(289,22,'2025-09-10',3.6800,NULL,NULL),(290,22,'2025-09-13',3.6600,NULL,NULL),(291,22,'2025-09-14',3.6700,NULL,NULL),(292,22,'2025-09-20',3.6800,NULL,NULL),(293,23,'2023-07-01',875.5000,NULL,NULL),(294,23,'2025-08-13',880.2000,NULL,NULL),(295,23,'2025-08-22',870.1000,NULL,NULL),(296,23,'2025-08-24',876.0000,NULL,NULL),(297,23,'2025-08-25',879.5000,NULL,NULL),(298,23,'2025-08-26',872.3000,NULL,NULL),(299,23,'2025-08-28',878.1000,NULL,NULL),(300,23,'2025-08-30',874.6000,NULL,NULL),(301,23,'2025-09-01',877.8000,NULL,NULL),(302,23,'2025-09-03',873.9000,NULL,NULL),(303,23,'2025-09-10',879.0000,NULL,NULL),(304,23,'2025-09-13',875.7000,NULL,NULL),(305,23,'2025-09-14',878.4000,NULL,NULL),(306,23,'2025-09-20',876.9000,NULL,NULL),(307,24,'2023-07-01',117.2000,NULL,NULL),(308,24,'2025-08-13',117.5000,NULL,NULL),(309,24,'2025-08-22',117.1000,NULL,NULL),(310,24,'2025-08-24',117.3000,NULL,NULL),(311,24,'2025-08-25',117.4000,NULL,NULL),(312,24,'2025-08-26',117.2000,NULL,NULL),(313,24,'2025-08-28',117.6000,NULL,NULL),(314,24,'2025-08-30',117.3000,NULL,NULL),(315,24,'2025-09-01',117.5000,NULL,NULL),(316,24,'2025-09-03',117.4000,NULL,NULL),(317,24,'2025-09-10',117.2000,NULL,NULL),(318,24,'2025-09-13',117.6000,NULL,NULL),(319,24,'2025-09-14',117.3000,NULL,NULL),(320,24,'2025-09-20',117.5000,NULL,NULL),(321,25,'2023-07-01',930.0000,NULL,NULL),(322,25,'2025-08-13',935.2000,NULL,NULL),(323,25,'2025-08-22',928.1000,NULL,NULL),(324,25,'2025-08-24',932.5000,NULL,NULL),(325,25,'2025-08-25',934.0000,NULL,NULL),(326,25,'2025-08-26',929.8000,NULL,NULL),(327,25,'2025-08-28',933.1000,NULL,NULL),(328,25,'2025-08-30',931.6000,NULL,NULL),(329,25,'2025-09-01',934.2000,NULL,NULL),(330,25,'2025-09-03',930.9000,NULL,NULL),(331,25,'2025-09-10',933.5000,NULL,NULL),(332,25,'2025-09-13',931.7000,NULL,NULL),(333,25,'2025-09-14',934.4000,NULL,NULL),(334,25,'2025-09-20',932.9000,NULL,NULL),(335,26,'2023-07-01',3900.0000,NULL,NULL),(336,26,'2025-08-13',3910.5000,NULL,NULL),(337,26,'2025-08-22',3895.2000,NULL,NULL),(338,26,'2025-08-24',3905.8000,NULL,NULL),(339,26,'2025-08-25',3912.3000,NULL,NULL),(340,26,'2025-08-26',3898.7000,NULL,NULL),(341,26,'2025-08-28',3907.1000,NULL,NULL),(342,26,'2025-08-30',3902.6000,NULL,NULL),(343,26,'2025-09-01',3911.2000,NULL,NULL),(344,26,'2025-09-03',3904.9000,NULL,NULL),(345,26,'2025-09-10',3908.5000,NULL,NULL),(346,26,'2025-09-13',3903.7000,NULL,NULL),(347,26,'2025-09-14',3912.4000,NULL,NULL),(348,26,'2025-09-20',3906.9000,NULL,NULL),(349,27,'2023-07-01',22.5000,NULL,NULL),(350,27,'2025-08-13',22.6000,NULL,NULL),(351,27,'2025-08-22',22.4000,NULL,NULL),(352,27,'2025-08-24',22.5500,NULL,NULL),(353,27,'2025-08-25',22.6500,NULL,NULL),(354,27,'2025-08-26',22.4500,NULL,NULL),(355,27,'2025-08-28',22.6000,NULL,NULL),(356,27,'2025-08-30',22.5000,NULL,NULL),(357,27,'2025-09-01',22.5500,NULL,NULL),(358,27,'2025-09-03',22.6500,NULL,NULL),(359,27,'2025-09-10',22.4500,NULL,NULL),(360,27,'2025-09-13',22.6000,NULL,NULL),(361,27,'2025-09-14',22.5000,NULL,NULL),(362,27,'2025-09-20',22.5500,NULL,NULL),(363,28,'2023-07-01',6.8000,NULL,NULL),(364,28,'2025-08-13',6.8200,NULL,NULL),(365,28,'2025-08-22',6.7900,NULL,NULL),(366,28,'2025-08-24',6.8100,NULL,NULL),(367,28,'2025-08-25',6.8300,NULL,NULL),(368,28,'2025-08-26',6.8000,NULL,NULL),(369,28,'2025-08-28',6.8200,NULL,NULL),(370,28,'2025-08-30',6.8100,NULL,NULL),(371,28,'2025-09-01',6.8300,NULL,NULL),(372,28,'2025-09-03',6.8000,NULL,NULL),(373,28,'2025-09-10',6.8200,NULL,NULL),(374,28,'2025-09-13',6.8100,NULL,NULL),(375,28,'2025-09-14',6.8300,NULL,NULL),(376,28,'2025-09-20',6.8000,NULL,NULL),(377,29,'2023-07-01',31.0000,NULL,NULL),(378,29,'2025-08-13',31.1000,NULL,NULL),(379,29,'2025-08-22',30.9000,NULL,NULL),(380,29,'2025-08-24',31.0500,NULL,NULL),(381,29,'2025-08-25',31.1500,NULL,NULL),(382,29,'2025-08-26',30.9500,NULL,NULL),(383,29,'2025-08-28',31.1000,NULL,NULL),(384,29,'2025-08-30',31.0000,NULL,NULL),(385,29,'2025-09-01',31.0500,NULL,NULL),(386,29,'2025-09-03',31.1500,NULL,NULL),(387,29,'2025-09-10',30.9500,NULL,NULL),(388,29,'2025-09-13',31.1000,NULL,NULL),(389,29,'2025-09-14',31.0000,NULL,NULL),(390,29,'2025-09-20',31.0500,NULL,NULL),(391,30,'2023-07-01',7.8000,NULL,NULL),(392,30,'2025-08-13',7.8100,NULL,NULL),(393,30,'2025-08-22',7.7900,NULL,NULL),(394,30,'2025-08-24',7.8000,NULL,NULL),(395,30,'2025-08-25',7.8100,NULL,NULL),(396,30,'2025-08-26',7.7900,NULL,NULL),(397,30,'2025-08-28',7.8000,NULL,NULL),(398,30,'2025-08-30',7.8100,NULL,NULL),(399,30,'2025-09-01',7.8000,NULL,NULL),(400,30,'2025-09-03',7.8100,NULL,NULL),(401,30,'2025-09-10',7.7900,NULL,NULL),(402,30,'2025-09-13',7.8000,NULL,NULL),(403,30,'2025-09-14',7.8100,NULL,NULL),(404,30,'2025-09-20',7.8000,NULL,NULL),(405,31,'2023-07-01',370.0000,NULL,NULL),(406,31,'2025-08-13',371.2000,NULL,NULL),(407,31,'2025-08-22',369.8000,NULL,NULL),(408,31,'2025-08-24',370.5000,NULL,NULL),(409,31,'2025-08-25',371.0000,NULL,NULL),(410,31,'2025-08-26',369.9000,NULL,NULL),(411,31,'2025-08-28',370.8000,NULL,NULL),(412,31,'2025-08-30',370.1000,NULL,NULL),(413,31,'2025-09-01',371.1000,NULL,NULL),(414,31,'2025-09-03',370.2000,NULL,NULL),(415,31,'2025-09-10',370.9000,NULL,NULL),(416,31,'2025-09-13',370.3000,NULL,NULL),(417,31,'2025-09-14',371.2000,NULL,NULL),(418,31,'2025-09-20',370.8000,NULL,NULL),(419,32,'2023-07-01',3.7500,NULL,NULL),(420,32,'2025-08-13',3.7600,NULL,NULL),(421,32,'2025-08-22',3.7400,NULL,NULL),(422,32,'2025-08-24',3.7500,NULL,NULL),(423,32,'2025-08-25',3.7600,NULL,NULL),(424,32,'2025-08-26',3.7400,NULL,NULL),(425,32,'2025-08-28',3.7500,NULL,NULL),(426,32,'2025-08-30',3.7600,NULL,NULL),(427,32,'2025-09-01',3.7500,NULL,NULL),(428,32,'2025-09-03',3.7600,NULL,NULL),(429,32,'2025-09-10',3.7400,NULL,NULL),(430,32,'2025-09-13',3.7500,NULL,NULL),(431,32,'2025-09-14',3.7600,NULL,NULL),(432,32,'2025-09-20',3.7500,NULL,NULL),(433,33,'2023-07-01',305.0000,NULL,NULL),(434,33,'2025-08-13',306.2000,NULL,NULL),(435,33,'2025-08-22',304.8000,NULL,NULL),(436,33,'2025-08-24',305.5000,NULL,NULL),(437,33,'2025-08-25',306.0000,NULL,NULL),(438,33,'2025-08-26',304.9000,NULL,NULL),(439,33,'2025-08-28',305.8000,NULL,NULL),(440,33,'2025-08-30',305.1000,NULL,NULL),(441,33,'2025-09-01',306.1000,NULL,NULL),(442,33,'2025-09-03',305.2000,NULL,NULL),(443,33,'2025-09-10',305.9000,NULL,NULL),(444,33,'2025-09-13',305.3000,NULL,NULL),(445,33,'2025-09-14',306.2000,NULL,NULL),(446,33,'2025-09-20',305.8000,NULL,NULL),(447,34,'2023-07-01',4.0000,NULL,NULL),(448,34,'2025-08-13',4.0100,NULL,NULL),(449,34,'2025-08-22',3.9900,NULL,NULL),(450,34,'2025-08-24',4.0000,NULL,NULL),(451,34,'2025-08-25',4.0100,NULL,NULL),(452,34,'2025-08-26',3.9900,NULL,NULL),(453,34,'2025-08-28',4.0000,NULL,NULL),(454,34,'2025-08-30',4.0100,NULL,NULL),(455,34,'2025-09-01',4.0000,NULL,NULL),(456,34,'2025-09-03',4.0100,NULL,NULL),(457,34,'2025-09-10',3.9900,NULL,NULL),(458,34,'2025-09-13',4.0000,NULL,NULL),(459,34,'2025-09-14',4.0100,NULL,NULL),(460,34,'2025-09-20',4.0000,NULL,NULL),(461,35,'2023-07-01',3.7500,NULL,NULL),(462,35,'2025-08-13',3.7600,NULL,NULL),(463,35,'2025-08-22',3.7400,NULL,NULL),(464,35,'2025-08-24',3.7500,NULL,NULL),(465,35,'2025-08-25',3.7600,NULL,NULL),(466,35,'2025-08-26',3.7400,NULL,NULL),(467,35,'2025-08-28',3.7500,NULL,NULL),(468,35,'2025-08-30',3.7600,NULL,NULL),(469,35,'2025-09-01',3.7500,NULL,NULL),(470,35,'2025-09-03',3.7600,NULL,NULL),(471,35,'2025-09-10',3.7400,NULL,NULL),(472,35,'2025-09-13',3.7500,NULL,NULL),(473,35,'2025-09-14',3.7600,NULL,NULL),(474,35,'2025-09-20',3.7500,NULL,NULL);
/*!40000 ALTER TABLE `exchange_rates` ENABLE KEYS */;
UNLOCK TABLES;

--
-- Table structure for table `failed_jobs`
--

DROP TABLE IF EXISTS `failed_jobs`;
/*!40101 SET @saved_cs_client     = @@character_set_client */;
/*!50503 SET character_set_client = utf8mb4 */;
CREATE TABLE `failed_jobs` (
  `id` bigint unsigned NOT NULL AUTO_INCREMENT,
  `uuid` varchar(255) COLLATE utf8mb4_unicode_ci NOT NULL,
  `connection` text COLLATE utf8mb4_unicode_ci NOT NULL,
  `queue` text COLLATE utf8mb4_unicode_ci NOT NULL,
  `payload` longtext COLLATE utf8mb4_unicode_ci NOT NULL,
  `exception` longtext COLLATE utf8mb4_unicode_ci NOT NULL,
  `failed_at` timestamp NOT NULL DEFAULT CURRENT_TIMESTAMP,
  PRIMARY KEY (`id`),
  UNIQUE KEY `failed_jobs_uuid_unique` (`uuid`)
) ENGINE=InnoDB DEFAULT CHARSET=utf8mb4 COLLATE=utf8mb4_unicode_ci;
/*!40101 SET character_set_client = @saved_cs_client */;

--
-- Dumping data for table `failed_jobs`
--

LOCK TABLES `failed_jobs` WRITE;
/*!40000 ALTER TABLE `failed_jobs` DISABLE KEYS */;
/*!40000 ALTER TABLE `failed_jobs` ENABLE KEYS */;
UNLOCK TABLES;

--
-- Table structure for table `job_batches`
--

DROP TABLE IF EXISTS `job_batches`;
/*!40101 SET @saved_cs_client     = @@character_set_client */;
/*!50503 SET character_set_client = utf8mb4 */;
CREATE TABLE `job_batches` (
  `id` varchar(255) COLLATE utf8mb4_unicode_ci NOT NULL,
  `name` varchar(255) COLLATE utf8mb4_unicode_ci NOT NULL,
  `total_jobs` int NOT NULL,
  `pending_jobs` int NOT NULL,
  `failed_jobs` int NOT NULL,
  `failed_job_ids` longtext COLLATE utf8mb4_unicode_ci NOT NULL,
  `options` mediumtext COLLATE utf8mb4_unicode_ci,
  `cancelled_at` int DEFAULT NULL,
  `created_at` int NOT NULL,
  `finished_at` int DEFAULT NULL,
  PRIMARY KEY (`id`)
) ENGINE=InnoDB DEFAULT CHARSET=utf8mb4 COLLATE=utf8mb4_unicode_ci;
/*!40101 SET character_set_client = @saved_cs_client */;

--
-- Dumping data for table `job_batches`
--

LOCK TABLES `job_batches` WRITE;
/*!40000 ALTER TABLE `job_batches` DISABLE KEYS */;
/*!40000 ALTER TABLE `job_batches` ENABLE KEYS */;
UNLOCK TABLES;

--
-- Table structure for table `jobs`
--

DROP TABLE IF EXISTS `jobs`;
/*!40101 SET @saved_cs_client     = @@character_set_client */;
/*!50503 SET character_set_client = utf8mb4 */;
CREATE TABLE `jobs` (
  `id` bigint unsigned NOT NULL AUTO_INCREMENT,
  `queue` varchar(255) COLLATE utf8mb4_unicode_ci NOT NULL,
  `payload` longtext COLLATE utf8mb4_unicode_ci NOT NULL,
  `attempts` tinyint unsigned NOT NULL,
  `reserved_at` int unsigned DEFAULT NULL,
  `available_at` int unsigned NOT NULL,
  `created_at` int unsigned NOT NULL,
  PRIMARY KEY (`id`),
  KEY `jobs_queue_index` (`queue`)
) ENGINE=InnoDB DEFAULT CHARSET=utf8mb4 COLLATE=utf8mb4_unicode_ci;
/*!40101 SET character_set_client = @saved_cs_client */;

--
-- Dumping data for table `jobs`
--

LOCK TABLES `jobs` WRITE;
/*!40000 ALTER TABLE `jobs` DISABLE KEYS */;
/*!40000 ALTER TABLE `jobs` ENABLE KEYS */;
UNLOCK TABLES;

--
-- Table structure for table `migrations`
--

DROP TABLE IF EXISTS `migrations`;
/*!40101 SET @saved_cs_client     = @@character_set_client */;
/*!50503 SET character_set_client = utf8mb4 */;
CREATE TABLE `migrations` (
  `id` int unsigned NOT NULL AUTO_INCREMENT,
  `migration` varchar(255) COLLATE utf8mb4_unicode_ci NOT NULL,
  `batch` int NOT NULL,
  PRIMARY KEY (`id`)
) ENGINE=InnoDB AUTO_INCREMENT=13 DEFAULT CHARSET=utf8mb4 COLLATE=utf8mb4_unicode_ci;
/*!40101 SET character_set_client = @saved_cs_client */;

--
-- Dumping data for table `migrations`
--

LOCK TABLES `migrations` WRITE;
/*!40000 ALTER TABLE `migrations` DISABLE KEYS */;
INSERT INTO `migrations` VALUES (1,'0001_01_01_000000_create_users_table',1),(2,'0001_01_01_000001_create_cache_table',1),(3,'0001_01_01_000002_create_jobs_table',1),(4,'2025_08_27_080551_create_personal_access_tokens_table',1),(11,'2025_08_27_203800_create_currencies_table',2),(12,'2025_08_27_204151_create_rates_table',2);
/*!40000 ALTER TABLE `migrations` ENABLE KEYS */;
UNLOCK TABLES;

--
-- Table structure for table `password_reset_tokens`
--

DROP TABLE IF EXISTS `password_reset_tokens`;
/*!40101 SET @saved_cs_client     = @@character_set_client */;
/*!50503 SET character_set_client = utf8mb4 */;
CREATE TABLE `password_reset_tokens` (
  `email` varchar(255) COLLATE utf8mb4_unicode_ci NOT NULL,
  `token` varchar(255) COLLATE utf8mb4_unicode_ci NOT NULL,
  `created_at` timestamp NULL DEFAULT NULL,
  PRIMARY KEY (`email`)
) ENGINE=InnoDB DEFAULT CHARSET=utf8mb4 COLLATE=utf8mb4_unicode_ci;
/*!40101 SET character_set_client = @saved_cs_client */;

--
-- Dumping data for table `password_reset_tokens`
--

LOCK TABLES `password_reset_tokens` WRITE;
/*!40000 ALTER TABLE `password_reset_tokens` DISABLE KEYS */;
/*!40000 ALTER TABLE `password_reset_tokens` ENABLE KEYS */;
UNLOCK TABLES;

--
-- Table structure for table `personal_access_tokens`
--

DROP TABLE IF EXISTS `personal_access_tokens`;
/*!40101 SET @saved_cs_client     = @@character_set_client */;
/*!50503 SET character_set_client = utf8mb4 */;
CREATE TABLE `personal_access_tokens` (
  `id` bigint unsigned NOT NULL AUTO_INCREMENT,
  `tokenable_type` varchar(255) COLLATE utf8mb4_unicode_ci NOT NULL,
  `tokenable_id` bigint unsigned NOT NULL,
  `name` text COLLATE utf8mb4_unicode_ci NOT NULL,
  `token` varchar(64) COLLATE utf8mb4_unicode_ci NOT NULL,
  `abilities` text COLLATE utf8mb4_unicode_ci,
  `last_used_at` timestamp NULL DEFAULT NULL,
  `expires_at` timestamp NULL DEFAULT NULL,
  `created_at` timestamp NULL DEFAULT NULL,
  `updated_at` timestamp NULL DEFAULT NULL,
  PRIMARY KEY (`id`),
  UNIQUE KEY `personal_access_tokens_token_unique` (`token`),
  KEY `personal_access_tokens_tokenable_type_tokenable_id_index` (`tokenable_type`,`tokenable_id`),
  KEY `personal_access_tokens_expires_at_index` (`expires_at`)
) ENGINE=InnoDB DEFAULT CHARSET=utf8mb4 COLLATE=utf8mb4_unicode_ci;
/*!40101 SET character_set_client = @saved_cs_client */;

--
-- Dumping data for table `personal_access_tokens`
--

LOCK TABLES `personal_access_tokens` WRITE;
/*!40000 ALTER TABLE `personal_access_tokens` DISABLE KEYS */;
/*!40000 ALTER TABLE `personal_access_tokens` ENABLE KEYS */;
UNLOCK TABLES;

--
-- Table structure for table `sessions`
--

DROP TABLE IF EXISTS `sessions`;
/*!40101 SET @saved_cs_client     = @@character_set_client */;
/*!50503 SET character_set_client = utf8mb4 */;
CREATE TABLE `sessions` (
  `id` varchar(255) COLLATE utf8mb4_unicode_ci NOT NULL,
  `user_id` bigint unsigned DEFAULT NULL,
  `ip_address` varchar(45) COLLATE utf8mb4_unicode_ci DEFAULT NULL,
  `user_agent` text COLLATE utf8mb4_unicode_ci,
  `payload` longtext COLLATE utf8mb4_unicode_ci NOT NULL,
  `last_activity` int NOT NULL,
  PRIMARY KEY (`id`),
  KEY `sessions_user_id_index` (`user_id`),
  KEY `sessions_last_activity_index` (`last_activity`)
) ENGINE=InnoDB DEFAULT CHARSET=utf8mb4 COLLATE=utf8mb4_unicode_ci;
/*!40101 SET character_set_client = @saved_cs_client */;

--
-- Dumping data for table `sessions`
--

LOCK TABLES `sessions` WRITE;
/*!40000 ALTER TABLE `sessions` DISABLE KEYS */;
/*!40000 ALTER TABLE `sessions` ENABLE KEYS */;
UNLOCK TABLES;

--
-- Table structure for table `users`
--

DROP TABLE IF EXISTS `users`;
/*!40101 SET @saved_cs_client     = @@character_set_client */;
/*!50503 SET character_set_client = utf8mb4 */;
CREATE TABLE `users` (
  `id` bigint unsigned NOT NULL AUTO_INCREMENT,
  `name` varchar(255) COLLATE utf8mb4_unicode_ci NOT NULL,
  `email` varchar(255) COLLATE utf8mb4_unicode_ci NOT NULL,
  `email_verified_at` timestamp NULL DEFAULT NULL,
  `password` varchar(255) COLLATE utf8mb4_unicode_ci NOT NULL,
  `remember_token` varchar(100) COLLATE utf8mb4_unicode_ci DEFAULT NULL,
  `created_at` timestamp NULL DEFAULT NULL,
  `updated_at` timestamp NULL DEFAULT NULL,
  PRIMARY KEY (`id`),
  UNIQUE KEY `users_email_unique` (`email`)
) ENGINE=InnoDB DEFAULT CHARSET=utf8mb4 COLLATE=utf8mb4_unicode_ci;
/*!40101 SET character_set_client = @saved_cs_client */;

--
-- Dumping data for table `users`
--

LOCK TABLES `users` WRITE;
/*!40000 ALTER TABLE `users` DISABLE KEYS */;
/*!40000 ALTER TABLE `users` ENABLE KEYS */;
UNLOCK TABLES;
/*!40103 SET TIME_ZONE=@OLD_TIME_ZONE */;

/*!40101 SET SQL_MODE=@OLD_SQL_MODE */;
/*!40014 SET FOREIGN_KEY_CHECKS=@OLD_FOREIGN_KEY_CHECKS */;
/*!40014 SET UNIQUE_CHECKS=@OLD_UNIQUE_CHECKS */;
/*!40101 SET CHARACTER_SET_CLIENT=@OLD_CHARACTER_SET_CLIENT */;
/*!40101 SET CHARACTER_SET_RESULTS=@OLD_CHARACTER_SET_RESULTS */;
/*!40101 SET COLLATION_CONNECTION=@OLD_COLLATION_CONNECTION */;
/*!40111 SET SQL_NOTES=@OLD_SQL_NOTES */;

-- Dump completed on 2025-09-01  8:34:07
